{"case":"DJI_20250802075110_0006_V","video_url":"video.mp4","video_info":{"width":1920,"height":1080,"fps":29.97,"total_frames":6854},"video_corners":{"image_width":3840,"image_height":2160,"corners_after_H0":{"top_left":[7.933746814727783,-6.907763481140137],"top_right":[3841.2822265625,15.681502342224121],"bottom_right":[3826.36669921875,2151.48486328125],"bottom_left":[12.225555419921875,2155.669677734375]}}}